{
    "MonoBehaviour": {
        "m_Enabled": true,
        "m_EditorHideFlags": 0,
        "m_Name": "",
        "m_EditorClassIdentifier": "",
        "m_SymbolicLinks": [
            {
                "m_From": "Assets/Samples",
                "m_To": "../Packages/src/Samples~",
                "m_Define": ""
            },
            {
                "m_From": "Assets/TextMeshPro Support",
                "m_To": "../Packages/src/Samples~/TextMeshPro Support~",
                "m_Define": "!UNITY_2023_2_OR_NEWER"
            },
            {
                "m_From": "Assets/TextMeshPro Support (Unity 6)",
                "m_To": "../Packages/src/Samples~/TextMeshPro Support (Unity 6)~",
                "m_Define": "UNITY_2023_2_OR_NEWER"
            }
        ]
    }
}
